source_name,file_name,url,date_downloaded,source_id,organization,document_title,publication_date
IP India,"Patents Act, 1970.pdf",https://ipindia.gov.in/storage/uploads/docs-operator/73b5bf10-b04e-4f45-abef-87ff117315dc.pdf,25-08-2026 00:00,IPINDIA_1,IP India,"Patents Act, 1970",
CDSCO,India_Drugs_and_Cosmetics_Act_1940.pdf,https://cdsco.gov.in/opencms/opencms/system/modules/CDSCO.WEB/elements/download_file_division.jsp?num_id=OTIyNw==,26-08-2026,CDSCO_2,CDSCO,India Drugs and Cosmetics Act 1940,
CDSCO,India_Drugs_Rules_1945_Current_2024.pdf,https://cdsco.gov.in/opencms/resources/UploadCDSCOWeb/2022/drug_rules/Drugs%20Rules%201945_2024%2009.pdf,26-08-2026,CDSCO_3,CDSCO,India Drugs Rules 1945 Current 2024,
CCRAS,India_AYUSH_Labelling_Advertising_Advisory_2024.pd,https://ccras.nic.in/wp-content/uploads/2024/11/Advisory.pdf,26-08-2026,CCRAS_4,CCRAS,India AYUSH Labelling Advertising Advisory 2024.pd,
IP India, Patents_Act_1970.pdf,https://ipindia.gov.in/acts/patent-rules-2003,26-08-2026,IPINDIA_5,IP India,Patents Act 1970,
IP India,Patents_Rules_2003.pdf,https://ipindia.gov.in/storage/uploads/docs-operator/335e2746-58c1-4b56-a1e5-cdd172a92a3c.pdf,26-08-2026,IPINDIA_6,IP India,Patents Rules 2003,
IP India,AYUSH_Related_Inventions_Guidelines_2025.pdf,https://www.ipindia.gov.in/frontend/pdf/patents/guidelines/Guidelines%20for%20Processing%20of%20Patent%20Applications%20relating%20to%20Traditional%20Knowledge%20and%20Biological%20Material%20-%202012.pdf,26-08-2026,IPINDIA_7,IP India,AYUSH Related Inventions Guidelines 2025,
IP India,India_TK_Biological_Material_Patent_Guidelines_2012.pdf,https://ipindia.gov.in/frontend/pdf/patents/guidelines/Guidelines%20for%20examination%20of%20patent%20applications%20in%20the%20field%20of%20Pharmaceuticals%20-%202014.pdf,26-08-2026,IPINDIA_8,IP India,India TK Biological Material Patent Guidelines 2012,
IP India,India_Pharmaceutical_Patent_Guidelines_2014.pdf,https://www.ipindia.gov.in/frontend/pdf/patents/guidelines/Guidelines%20for%20Examination%20of%20Biotechnology%20Applications%20for%20Patent%20-%202013.pdf,26-08-2026,IPINDIA_9,IP India,India Pharmaceutical Patent Guidelines 2014,
IP India,India_Biotechnology_Patent_Guidelines_2013.pdf,https://ipindia.gov.in/storage/uploads/docs-operator/e1adfe40-7af3-4180-ba04-2e0099c6dca5.pdf,26-08-2026,IPINDIA_10,IP India,India Biotechnology Patent Guidelines 2013,
IP India,India_Manual_Patent_Office_Practice_Procedure_2019,https://ipindia.gov.in/pages/patents/pct-isa-ipea,26-08-2026,IPINDIA_11,IP India,India Manual Patent Office Practice Procedure 2019,
EGAZETTE,India_Drugs_Fifth_Amendment_Rules_2024_GSR_669E.pdf,https://egazette.gov.in/WriteReadData/2024/258344.pdf,26-08-2026,EGAZETTE_12,EGAZETTE,India Drugs Fifth Amendment Rules 2024 GSR 669E,
FSSAI,India_FSSAI_Ayurveda_Aahara_Regulations_2022.pdf,https://www.fssai.gov.in/docs/food-law/regulations/62789a20b54bdGazette_Notification_Ayurveda_Aahara_09_05_2022.pdf,26-08-2026,FSSAI_13,FSSAI,India FSSAI Ayurveda Aahara Regulations 2022,
FSSAI,India_FSSAI_Ayurveda_Aahara_Category_A_2025.pdf,https://www.fssai.gov.in/docs/food-law/advisory/68835f872eaf4Order%20dated%2025-07-2025%20enclosing%20Ayurveda%20Aahara.pdf,26-08-2026,FSSAI_14,FSSAI,India FSSAI Ayurveda Aahara Category A 2025,
FSSAI,India_FSSAI_Ayurveda_Aahara_Recipes_Part_2_2026.pdf,https://www.fssai.gov.in/docs/food-law/advisory/6a34f644db631Annexure%20No_part-2%20Compendium%20of%20Ayurveda%20Aahara%20recipes.pdf,26-08-2026,FSSAI_15,FSSAI,India FSSAI Ayurveda Aahara Recipes Part 2 2026,
CDSCO,India_Drugs_and_Cosmetics_Rules_1945.pdf,https://cdsco.gov.in/opencms/export/sites/CDSCO_WEB/Pdf-documents/Ethics-Committee/Guideline-Document/Drugs_CosmeticsAct1940_Rules1945.pdf,26-08-2026,CDSCO_16,CDSCO,India Drugs and Cosmetics Rules 1945,
National Biodiversity Authority (NBA),NBA.html,https://www.nbaindia.nic.in/,26-08-2026,NATIONALBIODIVERSITYAUTHORITY(NBA)_17,National Biodiversity Authority (NBA),NBA,
NBA India,India_Biological_Diversity_ABS_Regulations_2025.pdf,https://www.nbaindia.nic.in/sites/default/files/2026-07/GNABSREG_2025.pdf,26-08-2026,NBAINDIA_18,NBA India,India Biological Diversity ABS Regulations 2025,
NBA Notifications & Guidelines,NBA _ Notifications & Guidelines.html,https://www.nbaindia.nic.in/public-information/notification-guidelines?utm_source,26-08-2026,NBANOTIFICATIONS&GUIDELINES_19,NBA Notifications & Guidelines,NBA   Notifications & Guidelines,
IP India, Patents_Act_1970.pdf.html,https://ipindia.gov.in/acts/patent-rules-2003,26-08-2026,IPINDIA_20,IP India,Patents Act 1970,
NBA India,India_Biological_Diversity_Rules_2024.pdf,https://www.nbaindia.nic.in/sites/default/files/2026-05/BD_Rules.pdf,26-08-2026,NBAINDIA_21,NBA India,India Biological Diversity Rules 2024,
NBA India,India_Biological_Diversity_Amendment_Rules_2025.pdf,https://www.nbaindia.nic.in/sites/default/files/2026-05/AmendmentBD_Rules.pdf,26-08-2026,NBAINDIA_22,NBA India,India Biological Diversity Amendment Rules 2025,
NBA India,NBA_IPR_eForms_Biological_Diversity_Amendment_Act_2023.pdf,https://www.nbaindia.nic.in/sites/default/files/2026-07/imp_formIII.pdf,26-08-2026,NBAINDIA_23,NBA India,NBA IPR eForms Biological Diversity Amendment Act 2023,
NBA India,India_Biological_Diversity_Rules_2024.html,https://www.nbaindia.nic.in/acts-and-rules/rules,26-08-2026,NBAINDIA_24,NBA India,India Biological Diversity Rules 2024,
Official Government Web Resource,National_Biodiversity_Authority – Official Frequently Asked Questions (FAQs).html,https://www.nbaindia.nic.in/about-us/faqs,26-08-2026,OFFICIALGOVERNMENTWEBRESOURCE_25,Official Government Web Resource,National Biodiversity Authority – Official Frequently Asked Questions (FAQs),
WIPO / WIPO Lex,"WIPO Treaty on Intellectual Property, Genetic Resources and Associated Traditional Knowledge.html",https://www.wipo.int/wipolex/en/treaties/textdetails/19849,26-08-2026,WIPO/WIPOLEX_26,WIPO / WIPO Lex,"WIPO Treaty on Intellectual Property, Genetic Resources and Associated Traditional Knowledge",
Official WIPO Database / Legal Resource,Patent Disclosure Requirements Related to Genetic Resources and Traditional Knowledge.html,https://www.wipo.int/en/web/traditional-knowledge/databases/pdr/index,26-08-2026,OFFICIALWIPODATABASE/LEGALRESOURCE_27,Official WIPO Database / Legal Resource,Patent Disclosure Requirements Related to Genetic Resources and Traditional Knowledge,
WIPO,International_WIPO_Key_Questions_Patent_Disclosure_GR_TK.pdf,https://www.wipo.int/edocs/pubdocs/en/wipo_pub_1047_19.pdf?utm_source,26-08-2026,WIPO_28,WIPO,International WIPO Key Questions Patent Disclosure GR TK,
Official Government Patent Examination Guidance,MPEP § 2106 — Patent Subject Matter Eligibility.html,https://www.uspto.gov/web/offices/pac/mpep/s2106.html,26-08-2026,OFFICIALGOVERNMENTPATENTEXAMINATIONGUIDANCE_29,Official Government Patent Examination Guidance,MPEP § 2106 — Patent Subject Matter Eligibility,
United States Patent and Trademark Office,MPEP § 2105 — Patent Eligible Subject Matter — Living Subject Matter.html,https://www.uspto.gov/web/offices/pac/mpep/s2105.html,26-08-2026,UNITEDSTATESPATENTANDTRADEMARKOFFICE_30,United States Patent and Trademark Office,MPEP § 2105 — Patent Eligible Subject Matter — Living Subject Matter,
WIPO,International_WIPO_Intellectual_Property_Traditional_Medical_Knowledge.pdf,https://www.wipo.int/edocs/pubdocs/en/wipo-pub-rn2023-5-6-en-intellectual-property-and-traditional-medical-knowledge.pdf,26-08-2026,WIPO_31,WIPO,International WIPO Intellectual Property Traditional Medical Knowledge,
FDA,Dietar_ Supplements.html,https://www.fda.gov/food/dietary-supplements,26-08-2026,FDA_32,FDA,Dietar  Supplements,
World Intellectual Property Organization,"WIPO Global Reference on Intellectual Property and Genetic Resources, Traditional Knowledge and Traditional Cultural Expressions.html",https://www.wipo.int/en/web/traditional-knowledge/global-reference,26-08-2026,WORLDINTELLECTUALPROPERTYORGANIZATION_33,World Intellectual Property Organization,"WIPO Global Reference on Intellectual Property and Genetic Resources, Traditional Knowledge and Traditional Cultural Expressions",
